theme_id,category,theme_name,field,src,dest,public_url,bytes
Hawks-Hawks,Hawks,Hawks,backgrounds,assets/Hawks/backgrounds/16.png,public/themes/general/Hawks/Hawks/backgrounds/16.png,/themes/general/Hawks/Hawks/backgrounds/16.png,890650
Hawks-Hawks,Hawks,Hawks,backgrounds,assets/Hawks/backgrounds/blue-green-background.png,public/themes/general/Hawks/Hawks/backgrounds/blue-green-background.png,/themes/general/Hawks/Hawks/backgrounds/blue-green-background.png,668364
Hawks-Hawks,Hawks,Hawks,backgrounds,assets/Hawks/backgrounds/hawks-background-1.png,public/themes/general/Hawks/Hawks/backgrounds/hawks-background-1.png,/themes/general/Hawks/Hawks/backgrounds/hawks-background-1.png,342885
Hawks-Hawks,Hawks,Hawks,backgrounds,assets/Hawks/backgrounds/hawks-background-football.png,public/themes/general/Hawks/Hawks/backgrounds/hawks-background-football.png,/themes/general/Hawks/Hawks/backgrounds/hawks-background-football.png,826183
Hawks-Hawks,Hawks,Hawks,backgrounds,assets/Hawks/backgrounds/hawks-background-gradient.png,public/themes/general/Hawks/Hawks/backgrounds/hawks-background-gradient.png,/themes/general/Hawks/Hawks/backgrounds/hawks-background-gradient.png,187786
Hawks-Hawks,Hawks,Hawks,backgrounds,assets/Hawks/backgrounds/hawks-background-green-fog.png,public/themes/general/Hawks/Hawks/backgrounds/hawks-background-green-fog.png,/themes/general/Hawks/Hawks/backgrounds/hawks-background-green-fog.png,534915
Hawks-Hawks,Hawks,Hawks,overlays,assets/Hawks/overlays/hawks-frame-cheerleader.png,public/themes/general/Hawks/Hawks/overlays/hawks-frame-cheerleader.png,/themes/general/Hawks/Hawks/overlays/hawks-frame-cheerleader.png,475721
Hawks-Hawks,Hawks,Hawks,overlays,assets/Hawks/overlays/hawks-frame-fan.png,public/themes/general/Hawks/Hawks/overlays/hawks-frame-fan.png,/themes/general/Hawks/Hawks/overlays/hawks-frame-fan.png,1127411
Hawks-Hawks,Hawks,Hawks,overlays,assets/Hawks/overlays/hawks-frame-go-hawks.png,public/themes/general/Hawks/Hawks/overlays/hawks-frame-go-hawks.png,/themes/general/Hawks/Hawks/overlays/hawks-frame-go-hawks.png,1614702
Hawks-Hawks,Hawks,Hawks,overlays,assets/Hawks/overlays/hawks-frame-grass.png,public/themes/general/Hawks/Hawks/overlays/hawks-frame-grass.png,/themes/general/Hawks/Hawks/overlays/hawks-frame-grass.png,1258379
Hawks-Hawks,Hawks,Hawks,overlays,assets/Hawks/overlays/hawks-frame-helmets.png,public/themes/general/Hawks/Hawks/overlays/hawks-frame-helmets.png,/themes/general/Hawks/Hawks/overlays/hawks-frame-helmets.png,220184
Hawks-Hawks,Hawks,Hawks,overlays,assets/Hawks/overlays/hawks-frame-players.png,public/themes/general/Hawks/Hawks/overlays/hawks-frame-players.png,/themes/general/Hawks/Hawks/overlays/hawks-frame-players.png,198586
Hawks-Hawks,Hawks,Hawks,templates,assets/Hawks/templates/go hawks.png,public/themes/general/Hawks/Hawks/templates/go hawks.png,/themes/general/Hawks/Hawks/templates/go hawks.png,126740
basic-basic,basic,basic,backgrounds,assets/general/basic/backgrounds/basic-background-1.png,public/themes/general/basic/basic/backgrounds/basic-background-1.png,/themes/general/basic/basic/backgrounds/basic-background-1.png,111708
basic-basic,basic,basic,backgrounds,assets/general/basic/backgrounds/sparkles.png,public/themes/general/basic/basic/backgrounds/sparkles.png,/themes/general/basic/basic/backgrounds/sparkles.png,107689
basic-basic,basic,basic,overlays,assets/general/basic/overlays/blue smoke frame.png,public/themes/general/basic/basic/overlays/blue smoke frame.png,/themes/general/basic/basic/overlays/blue smoke frame.png,1487335
basic-basic,basic,basic,overlays,assets/general/basic/overlays/flowers frame.png,public/themes/general/basic/basic/overlays/flowers frame.png,/themes/general/basic/basic/overlays/flowers frame.png,187617
basic-basic,basic,basic,overlays,assets/general/basic/overlays/general-frame-black.png,public/themes/general/basic/basic/overlays/general-frame-black.png,/themes/general/basic/basic/overlays/general-frame-black.png,1554206
basic-basic,basic,basic,overlays,assets/general/basic/overlays/general-frame-blue-flowers.png,public/themes/general/basic/basic/overlays/general-frame-blue-flowers.png,/themes/general/basic/basic/overlays/general-frame-blue-flowers.png,1759501
basic-basic,basic,basic,overlays,assets/general/basic/overlays/sparkles.png,public/themes/general/basic/basic/overlays/sparkles.png,/themes/general/basic/basic/overlays/sparkles.png,107689
birthday-birthday,birthday,birthday,backgrounds,assets/general/birthday/backgrounds/birthday-background-1.png,public/themes/general/birthday/birthday/backgrounds/birthday-background-1.png,/themes/general/birthday/birthday/backgrounds/birthday-background-1.png,579487
birthday-birthday,birthday,birthday,overlays,assets/general/birthday/overlays/7.png,public/themes/general/birthday/birthday/overlays/7.png,/themes/general/birthday/birthday/overlays/7.png,68197
birthday-birthday,birthday,birthday,overlays,assets/general/birthday/overlays/banner frame.png,public/themes/general/birthday/birthday/overlays/banner frame.png,/themes/general/birthday/birthday/overlays/banner frame.png,93069
birthday-birthday,birthday,birthday,overlays,assets/general/birthday/overlays/birthday confetti frame.png,public/themes/general/birthday/birthday/overlays/birthday confetti frame.png,/themes/general/birthday/birthday/overlays/birthday confetti frame.png,178820
birthday-birthday,birthday,birthday,overlays,assets/general/birthday/overlays/colorful sparkle frame.png,public/themes/general/birthday/birthday/overlays/colorful sparkle frame.png,/themes/general/birthday/birthday/overlays/colorful sparkle frame.png,85405
birthday-birthday,birthday,birthday,overlays,assets/general/birthday/overlays/double photo birthday frame.png,public/themes/general/birthday/birthday/overlays/double photo birthday frame.png,/themes/general/birthday/birthday/overlays/double photo birthday frame.png,135764
birthday-birthday,birthday,birthday,overlays,assets/general/birthday/overlays/happy birthday balloons frame.png,public/themes/general/birthday/birthday/overlays/happy birthday balloons frame.png,/themes/general/birthday/birthday/overlays/happy birthday balloons frame.png,215079
birthday-birthday,birthday,birthday,overlays,assets/general/birthday/overlays/sparkle sides frame.png,public/themes/general/birthday/birthday/overlays/sparkle sides frame.png,/themes/general/birthday/birthday/overlays/sparkle sides frame.png,258390
birthday-birthday,birthday,birthday,templates,assets/general/birthday/templates/birthday banner.png,public/themes/general/birthday/birthday/templates/birthday banner.png,/themes/general/birthday/birthday/templates/birthday banner.png,129654
birthday-birthday,birthday,birthday,templates,assets/general/birthday/templates/birthday.png,public/themes/general/birthday/birthday/templates/birthday.png,/themes/general/birthday/birthday/templates/birthday.png,44066
holidays-fall,holidays,fall,backgrounds,assets/holidays/fall/halloween/backgrounds/halloween-background-grey-1.jpg,public/themes/general/holidays/fall/backgrounds/halloween-background-grey-1.jpg,/themes/general/holidays/fall/backgrounds/halloween-background-grey-1.jpg,145168
holidays-fall,holidays,fall,backgrounds,assets/holidays/fall/halloween/backgrounds/halloween-background-pink.png,public/themes/general/holidays/fall/backgrounds/halloween-background-pink.png,/themes/general/holidays/fall/backgrounds/halloween-background-pink.png,280481
holidays-fall,holidays,fall,overlays,assets/holidays/fall/halloween/overlays/4.png,public/themes/general/holidays/fall/overlays/4.png,/themes/general/holidays/fall/overlays/4.png,47189
holidays-fall,holidays,fall,overlays,assets/holidays/fall/halloween/overlays/5.png,public/themes/general/holidays/fall/overlays/5.png,/themes/general/holidays/fall/overlays/5.png,998485
holidays-fall,holidays,fall,overlays,assets/holidays/fall/halloween/overlays/6.png,public/themes/general/holidays/fall/overlays/6.png,/themes/general/holidays/fall/overlays/6.png,708693
holidays-fall,holidays,fall,overlays,assets/holidays/fall/halloween/overlays/fall leaves frame.png,public/themes/general/holidays/fall/overlays/fall leaves frame.png,/themes/general/holidays/fall/overlays/fall leaves frame.png,210775
holidays-fall,holidays,fall,overlays,assets/holidays/fall/halloween/overlays/graveyard transparent frame.png,public/themes/general/holidays/fall/overlays/graveyard transparent frame.png,/themes/general/holidays/fall/overlays/graveyard transparent frame.png,1089887
holidays-fall,holidays,fall,overlays,assets/holidays/fall/halloween/overlays/halloween overlay ghosts.png,public/themes/general/holidays/fall/overlays/halloween overlay ghosts.png,/themes/general/holidays/fall/overlays/halloween overlay ghosts.png,267276
holidays-fall,holidays,fall,overlays,assets/holidays/fall/halloween/overlays/halloween-frame-boo.png,public/themes/general/holidays/fall/overlays/halloween-frame-boo.png,/themes/general/holidays/fall/overlays/halloween-frame-boo.png,165387
holidays-fall,holidays,fall,overlays,assets/holidays/fall/halloween/overlays/halloween-frame-fog.png,public/themes/general/holidays/fall/overlays/halloween-frame-fog.png,/themes/general/holidays/fall/overlays/halloween-frame-fog.png,505017
holidays-fall,holidays,fall,overlays,assets/holidays/fall/halloween/overlays/halloween-frame-groovy-ghosties.png,public/themes/general/holidays/fall/overlays/halloween-frame-groovy-ghosties.png,/themes/general/holidays/fall/overlays/halloween-frame-groovy-ghosties.png,190586
holidays-fall,holidays,fall,overlays,assets/holidays/fall/halloween/overlays/halloween-frame-groovy.png,public/themes/general/holidays/fall/overlays/halloween-frame-groovy.png,/themes/general/holidays/fall/overlays/halloween-frame-groovy.png,369263
holidays-fall,holidays,fall,overlays,assets/holidays/fall/halloween/overlays/halloween-frame-haunted-house.png,public/themes/general/holidays/fall/overlays/halloween-frame-haunted-house.png,/themes/general/holidays/fall/overlays/halloween-frame-haunted-house.png,37976
holidays-fall,holidays,fall,overlays,assets/holidays/fall/halloween/overlays/halloween-frame-landscape-3.png,public/themes/general/holidays/fall/overlays/halloween-frame-landscape-3.png,/themes/general/holidays/fall/overlays/halloween-frame-landscape-3.png,569843
holidays-fall,holidays,fall,overlays,assets/holidays/fall/halloween/overlays/halloween-frame-landscape-5.png,public/themes/general/holidays/fall/overlays/halloween-frame-landscape-5.png,/themes/general/holidays/fall/overlays/halloween-frame-landscape-5.png,302971
holidays-fall,holidays,fall,overlays,assets/holidays/fall/halloween/overlays/halloween-frame-landscape-6.png,public/themes/general/holidays/fall/overlays/halloween-frame-landscape-6.png,/themes/general/holidays/fall/overlays/halloween-frame-landscape-6.png,246665
holidays-fall,holidays,fall,overlays,assets/holidays/fall/halloween/overlays/halloween-frame-landscape-7.png,public/themes/general/holidays/fall/overlays/halloween-frame-landscape-7.png,/themes/general/holidays/fall/overlays/halloween-frame-landscape-7.png,104880
holidays-fall,holidays,fall,overlays,assets/holidays/fall/halloween/overlays/halloween-frame-landscaspe-6.png,public/themes/general/holidays/fall/overlays/halloween-frame-landscaspe-6.png,/themes/general/holidays/fall/overlays/halloween-frame-landscaspe-6.png,116437
holidays-fall,holidays,fall,overlays,assets/holidays/fall/halloween/overlays/halloween-frame-lanscape-10.png,public/themes/general/holidays/fall/overlays/halloween-frame-lanscape-10.png,/themes/general/holidays/fall/overlays/halloween-frame-lanscape-10.png,3777732
holidays-fall,holidays,fall,overlays,assets/holidays/fall/halloween/overlays/halloween-frame-lanscape-9.png,public/themes/general/holidays/fall/overlays/halloween-frame-lanscape-9.png,/themes/general/holidays/fall/overlays/halloween-frame-lanscape-9.png,106642
holidays-fall,holidays,fall,overlays,assets/holidays/fall/halloween/overlays/halloween-frame-skeletons.png,public/themes/general/holidays/fall/overlays/halloween-frame-skeletons.png,/themes/general/holidays/fall/overlays/halloween-frame-skeletons.png,362185
holidays-fall,holidays,fall,overlays,assets/holidays/fall/halloween/overlays/smoke corner frame.png,public/themes/general/holidays/fall/overlays/smoke corner frame.png,/themes/general/holidays/fall/overlays/smoke corner frame.png,508577
holidays-fall,holidays,fall,templates,assets/holidays/fall/halloween/templates/halloween-template-2.png,public/themes/general/holidays/fall/templates/halloween-template-2.png,/themes/general/holidays/fall/templates/halloween-template-2.png,96693
holidays-fall,holidays,fall,templates,assets/holidays/fall/halloween/templates/halloween-template-3.png,public/themes/general/holidays/fall/templates/halloween-template-3.png,/themes/general/holidays/fall/templates/halloween-template-3.png,110871
holidays-fall,holidays,fall,templates,assets/holidays/fall/halloween/templates/halloween-template-4.png,public/themes/general/holidays/fall/templates/halloween-template-4.png,/themes/general/holidays/fall/templates/halloween-template-4.png,97839
holidays-fall,holidays,fall,templates,assets/holidays/fall/halloween/templates/halloween-template-maddies.png,public/themes/general/holidays/fall/templates/halloween-template-maddies.png,/themes/general/holidays/fall/templates/halloween-template-maddies.png,136607
holidays-spring,holidays,spring,backgrounds,assets/holidays/spring/st.patricksday/backgrounds/st.patricksday-background-1.png,public/themes/general/holidays/spring/backgrounds/st.patricksday-background-1.png,/themes/general/holidays/spring/backgrounds/st.patricksday-background-1.png,796844
holidays-spring,holidays,spring,templates,assets/holidays/spring/st.patricksday/templates/st patricks.png,public/themes/general/holidays/spring/templates/st patricks.png,/themes/general/holidays/spring/templates/st patricks.png,227433
holidays-spring,holidays,spring,templates,assets/holidays/spring/st.patricksday/templates/stpatricksday-template-1.png,public/themes/general/holidays/spring/templates/stpatricksday-template-1.png,/themes/general/holidays/spring/templates/stpatricksday-template-1.png,224532
holidays-winter,holidays,winter,backgrounds,assets/holidays/winter/Valentines/backgrounds/valentines-background-1.png,public/themes/general/holidays/winter/backgrounds/valentines-background-1.png,/themes/general/holidays/winter/backgrounds/valentines-background-1.png,786752
holidays-winter,holidays,winter,backgrounds,assets/holidays/winter/Valentines/backgrounds/valentines-background-2.png,public/themes/general/holidays/winter/backgrounds/valentines-background-2.png,/themes/general/holidays/winter/backgrounds/valentines-background-2.png,28130
holidays-winter,holidays,winter,templates,assets/holidays/winter/Valentines/templates/valentines pink.png,public/themes/general/holidays/winter/templates/valentines pink.png,/themes/general/holidays/winter/templates/valentines pink.png,106931
holidays-winter,holidays,winter,backgrounds,assets/holidays/winter/christmas/backgrounds/christmas-background-1.png,public/themes/general/holidays/winter/backgrounds/christmas-background-1.png,/themes/general/holidays/winter/backgrounds/christmas-background-1.png,345284
holidays-winter,holidays,winter,backgrounds,assets/holidays/winter/christmas/backgrounds/christmas-background-2.png,public/themes/general/holidays/winter/backgrounds/christmas-background-2.png,/themes/general/holidays/winter/backgrounds/christmas-background-2.png,902253
holidays-winter,holidays,winter,backgrounds,assets/holidays/winter/christmas/backgrounds/christmas-background-3.png,public/themes/general/holidays/winter/backgrounds/christmas-background-3.png,/themes/general/holidays/winter/backgrounds/christmas-background-3.png,446544
holidays-winter,holidays,winter,backgrounds,assets/holidays/winter/christmas/backgrounds/christmas-background-4.png,public/themes/general/holidays/winter/backgrounds/christmas-background-4.png,/themes/general/holidays/winter/backgrounds/christmas-background-4.png,690423
holidays-winter,holidays,winter,backgrounds,assets/holidays/winter/christmas/backgrounds/christmas-backlground-5.png,public/themes/general/holidays/winter/backgrounds/christmas-backlground-5.png,/themes/general/holidays/winter/backgrounds/christmas-backlground-5.png,1925471
holidays-winter,holidays,winter,backgrounds,assets/holidays/winter/christmas/backgrounds/christmas.png,public/themes/general/holidays/winter/backgrounds/christmas.png,/themes/general/holidays/winter/backgrounds/christmas.png,1986957
holidays-winter,holidays,winter,backgrounds,assets/holidays/winter/christmas/backgrounds/winter.png,public/themes/general/holidays/winter/backgrounds/winter.png,/themes/general/holidays/winter/backgrounds/winter.png,187913
holidays-winter,holidays,winter,templates,assets/holidays/winter/christmas/templates/chritsmas-template-1.png,public/themes/general/holidays/winter/templates/chritsmas-template-1.png,/themes/general/holidays/winter/templates/chritsmas-template-1.png,99530
holidays-winter,holidays,winter,templates,assets/holidays/winter/christmas/templates/mrery christmas.png,public/themes/general/holidays/winter/templates/mrery christmas.png,/themes/general/holidays/winter/templates/mrery christmas.png,132393
school-ANE,school,ANE,overlays,assets/school/ANE/overlays/ANE-frame-stream-night-landscape-2.png,public/themes/general/school/ANE/overlays/ANE-frame-stream-night-landscape-2.png,/themes/general/school/ANE/overlays/ANE-frame-stream-night-landscape-2.png,46197
school-ANE,school,ANE,overlays,assets/school/ANE/overlays/School-frame-landscape-1.png,public/themes/general/school/ANE/overlays/School-frame-landscape-1.png,/themes/general/school/ANE/overlays/School-frame-landscape-1.png,245166